{
    "data": {
        "columnInfo": [
            {
                "header": "Name",
                "field": "name"
            },
            {
                "header": "Description",
                "field": "description"
            },
            {
                "header": "Type",
                "field": "type"
            }
        ],
        "blogData": [
            {
                "name": "PHP",
                "description": "PHP blog",
                "type" :45
            },
            {
                "name": "ReactJs",
                "description": "React blog",
                "type" :46
            },
            {
                "name": "MySQL",
                "description": "MySQL blog",
                "type" :46
            }
        ],
    }
}